{
  "tabPane": [],
  "windowGeometry": {
    "x": -7.333333492279053,
    "y": -7.333333492279053,
    "width": 1294.6666259765625,
    "height": 694.6666870117188
  }
}